"Nome","Imagem","Petisco","Descrição do petisco","Endereço"
"Arcos Bar","https://s2-g1.glbimg.com/TBJlO2gBA-eoaA_0XK6kMNTIsZo=/0x0:3500x2333/984x0/smart/filters:strip_icc()/i.s3.glbimg.com/v1/AUTH_59edd422c0c84a879bd37670ae4f538a/internal_photos/bs/2025/M/J/KAr3B1SVAirdeLIPqERw/arcos-pratodadiversidade-bh-2025-rodneycosta-unibh-7624-1-.jpg","Panela da Diversidade","Acem cozido com ervas finas acompanhado com batata rústica","RUA DA BAHIA, 1144, CENTRO, BELO HORIZONTE, MG, BRASIL"
"Azougue Fogo e Bar","https://s2-g1.glbimg.com/4nvx0TTUnKRrUtN5CL_bOiTj0Fk=/0x0:3500x2333/984x0/smart/filters:strip_icc()/i.s3.glbimg.com/v1/AUTH_59edd422c0c84a879bd37670ae4f538a/internal_photos/bs/2025/u/s/9FRxz7Q0qRJcqZnW0Jxg/azougue-linguadevovovirinha-bh-2025-isaquerodrigues-unibh-7366.jpg","Lingua da vovó Virinha","Língua de boi assada sobre creme de batata e milho com vinagrete mineiro e redução do caldo da própria língua com cerveja.","RUA DO OURO, 835, SERRA, BELO HORIZONTE, MG, BRASIL"
"Baiúca","https://s2-g1.glbimg.com/jzIpvnVuWznTE1n1R0us6cuiIhU=/0x0:3500x2333/984x0/smart/filters:strip_icc()/i.s3.glbimg.com/v1/AUTH_59edd422c0c84a879bd37670ae4f538a/internal_photos/bs/2025/N/f/TKfXFPQHSX2YrDqyqRqQ/baiuca-caneladasuina-bh-2025-rodneycosta-unibh-7505.jpg","Canelada Suína","Panturrilha suína, mandioca cozida com queijo e manteiga, cebola assada e crispe de couve.","RUA PIAUI, 1884, SAVASSI, BELO HORIZONTE, MG, BRASIL"
"Bar Estabelecimento","https://s2-g1.glbimg.com/XMgVOHr-0_Y9lUNhH3Fr4JhfNng=/0x0:3500x2333/984x0/smart/filters:strip_icc()/i.s3.glbimg.com/v1/AUTH_59edd422c0c84a879bd37670ae4f538a/internal_photos/bs/2025/a/u/GFmmMsT2uYACp292e4oQ/barestabelecimento-tipracas-bh-2025-rodneycosta-unibh-8153.jpg","Tipracas","Pelotas de rabada com angu de agrião e ""tipracas"" de arroz com feijão ( tipo bolachas ).","RUA MONTE ALEGRE, 160, SERRA, BELO HORIZONTE, MG, BRASIL"
"Bar Mania Mineira","https://cdb-static-files.s3.amazonaws.com/wp-content/uploads/2025/03/15050748/maniamineira_explosaodesabores_bh_2025_fernandaoliveira_unibh-8088-2048x1365.jpg","EXPLOSÃO DE SABOR","Bolinho de mandioca recheado com queijo","RUA PARACATU, 1099, SANTO AGOSTINHO, BELO HORIZONTE, MG, BRASIL"
"Beco Restaurante","https://s2-g1.glbimg.com/YR-yuF2XwHEoH7FnW9euAthuyhs=/0x0:3500x2333/984x0/smart/filters:strip_icc()/i.s3.glbimg.com/v1/AUTH_59edd422c0c84a879bd37670ae4f538a/internal_photos/bs/2025/X/r/xMmYnyRDGtD7l0NJev1A/becorestaurante-ladicasa-bh-2025-fernandaoliveira-unibh-8137.jpg","Lá di Casa","Carne bovina cozida na panela de pressão e reduzida no molho à base demi glace. Acompanha nosso creme de mandioca caseira, farofa crocante de panko e crispy de couve.","RUA DOS TAMOIOS, 232, CENTRO, BELO HORIZONTE, MG, BRASIL"
"Botequim de Lourdes","https://s2-g1.glbimg.com/NstkedZjELZYc7HupHQceFxftz4=/0x0:3500x2333/1000x0/smart/filters:strip_icc()/i.s3.glbimg.com/v1/AUTH_59edd422c0c84a879bd37670ae4f538a/internal_photos/bs/2025/w/b/02wB31RD2c6DRlteJ8dg/butequimlourdes-rocamboledetorresmoquesoobutequimtem-bh-2025-rodneycosta-unibh-9228.jpg","ROCAMBOLE DE TORRESMO QUE SÓ NO BOTEQUIM TEM","TORRESMO DE BARRIGA MARINADO NA CACHAÇA, SERVIDO COM PALITINHOS DE TAPIOCA E GELEIA DE ABACAXI COM PIMENTA E CANELA.","RUA CURITIBA, 2039, LOURDES, BELO HORIZONTE, MG, BRASIL"
"Café Bahia","https://s2-g1.glbimg.com/XVcQ1oFtmwTKXIXhs9NqWKTj1F0=/0x0:3500x2333/984x0/smart/filters:strip_icc()/i.s3.glbimg.com/v1/AUTH_59edd422c0c84a879bd37670ae4f538a/internal_photos/bs/2025/G/T/GlwlU5SgSeEBC1SS0gSQ/cafebahia-trupiqueinobahia-bh-2025-amandacantanhede-unibh-9006.jpg","TRUPIQUEI NO BAHIA","Defumados de porco e carne de sol no feijão vermelho,pelinha crocrante, polentinha mineira e mostarda refogada.","RUA DOS TUPIS, 369, CENTRO, BELO HORIZONTE, MG, BRASIL"
"Café Palhares","https://cdb-static-files.s3.amazonaws.com/wp-content/uploads/2025/03/15050219/cafepalhares_polpetadeberingelacomdoisqueijos_bh_2025_fernandaoliveira_unibh-8289-scaled.jpg","POLPETA DE BERINJELA COM DOIS QUEIJOS","Polpetas de berinjela com queijo parmesão, mozarela, manjericão e salsinha. Servidas com pasta de grão-de-bico.","RUA DOS TUPINAMBAS, 638, CENTRO, BELO HORIZONTE, MG, BRASIL"
"Casa da Madrinha","https://s2-g1.glbimg.com/yF9qPVIeHsIR0yJ8UgEGP9i4IbQ=/0x0:3500x2333/984x0/smart/filters:strip_icc()/i.s3.glbimg.com/v1/AUTH_59edd422c0c84a879bd37670ae4f538a/internal_photos/bs/2025/4/q/fpljkBRuGLUREDsX9Rrw/casadamadrinha-bemmineiro-bh-2025-amandacantanhede-unibh-8867.jpg","Bem Mineiro","Polenta crocante com ragu de frango com quiabo e o toque inconfundível do queijo minas.","AVENIDA BARBACENA, 212, BARRO PRETO, BELO HORIZONTE, MG, BRASIL"
"Dona Dora","https://s2-g1.glbimg.com/_ajR7lZ1GL7w7D0U-4FIuoIFESo=/0x0:3500x2333/984x0/smart/filters:strip_icc()/i.s3.glbimg.com/v1/AUTH_59edd422c0c84a879bd37670ae4f538a/internal_photos/bs/2025/j/Y/FiOXk7QUSDlzaooYgYlA/donadora-boleco-bolodecuteco-bh-2025-rodneycosta-unibh-8708.jpg","Boleco (Bolo di Buteco)","Purê rústico de mandioca com ragú de alcatra, fonduta de queijo canastra e crispy de couve.","RUA RIO DE JANEIRO, 1205, CENTRO, BELO HORIZONTE, MG, BRASIL"
"Ember BBQ","https://s2-g1.glbimg.com/gYST4CTUQziE20eZIrvkBan5FKw=/0x0:3500x2333/984x0/smart/filters:strip_icc()/i.s3.glbimg.com/v1/AUTH_59edd422c0c84a879bd37670ae4f538a/internal_photos/bs/2025/B/Q/CezNEsSJCTq6gvIjqFzg/embeer-cupimsertanejo-bh-2025-isaquerodrigues-unibh-7851.jpg","Cupim Sertanejo","Cupim defumado em lenha de macieira. Servido sobre angú de milho verde com queijo minas acompanhado de couve crispy e pimenta jalapeno.","RUA SAO ROMAO, 460, SANTO ANTONIO, BELO HORIZONTE, MG, BRASIL"
"Mamute Bar","https://s2-g1.glbimg.com/xuojXBkFdF1c8HyFG55JvSl3p6Y=/0x0:3500x2333/984x0/smart/filters:strip_icc()/i.s3.glbimg.com/v1/AUTH_59edd422c0c84a879bd37670ae4f538a/internal_photos/bs/2025/k/F/jZK1ymT4qxfhjdbBrlCA/mamute-ctadeparabens-bh-2025-mylenaizis-unibh-8079.jpg","C TÁ DE PARABÉNS!","Bife a rolê recheado com cenoura e carne de linguiça acompanhado de batata sauté, couve crispy e farofa da vovó.","RUA BRAS CUBAS, 116, CRUZEIRO, BELO HORIZONTE, MG, BRASIL"
"Marina's Bar","https://cdb-static-files.s3.amazonaws.com/wp-content/uploads/2025/03/19154422/marinas_essetremvoa_bh_2025_isaquerodrigues_unibh-7376-scaled.jpg","Estrem voa!","Asinha de frango frita, marinada na laranja e ervas ,coberta de queijo muçarela acompanhada com creme de alho poró e gengibre picante e fritas.","RUA JOSE BARONI, 13, PARAISO, BELO HORIZONTE, MG, BRASIL"
"Oratório Bar","https://cdb-static-files.s3.amazonaws.com/wp-content/uploads/2025/03/19155430/oratoriobar_costeladeadao_bh_2025_amandacantanhede_unibh-8929-scaled.jpg","Costela de Adão","Costelinha de porco assada; finalizada com molho barbecue e guarnecida em cama de farofa crocante , acompanhada de uma maçã caramelizada","AVENIDA BRASIL, 161, SANTA EFIGENIA, BELO HORIZONTE, MG, BRASIL"
"Pé de Cana","https://cdb-static-files.s3.amazonaws.com/wp-content/uploads/2025/03/19155918/pedecana_eprata_bh_2025_isaquerodrigues_unibh-7883-scaled.jpg","É PRAAATA!!!É PRAAAATA!!","Bolo suíno recheado de queijo, acompanhado de molho de tomate ,cobertura de muçarela e confetes de tomate , batatinha e cebola assadas,","RUA FLORIDA, 21, SION, BELO HORIZONTE, MG, BRASIL"
"PoiZé Bar e Petisqueira","https://cdb-static-files.s3.amazonaws.com/wp-content/uploads/2025/03/15045021/poize_aparecidinhodoze_bh_2025_rodneycosta_unibh-7767-2048x1365.jpg","Aparecidinho do Zé","Versão desconstruída do escondidinho. Creme de moranga com carne do sertão e cebola. Acompanha molho de cebola roxa.","RUA PIUM I, 686, CARMO, BELO HORIZONTE, MG, BRASIL"
"Quinteiro Bar e Restaurante","https://s2-g1.glbimg.com/6vuiJ7I5pjA1CNjRwF5F7D6q628=/0x0:3500x2333/984x0/smart/filters:strip_icc()/i.s3.glbimg.com/v1/AUTH_59edd422c0c84a879bd37670ae4f538a/internal_photos/bs/2025/F/y/nFk9sPTzOic89HmUFAWg/quinteirobar-voucomermeubolo-bh-2025-isaquerodrigues-unibh-8588.jpg","Vou comer seu bolo","Massa de fubá com queijo, patinho desfiado com molho, tártara de tomate e cream cheese caseiro temperado.","RUA SALINAS, 1008, FLORESTA, BELO HORIZONTE, MG, BRASIL"
"Restaurante Jorge Americano","https://cdb-static-files.s3.amazonaws.com/wp-content/uploads/2025/03/15044742/jorgeamericano_rabadadojorge__bh_2025_isaquerodrigues_unih-7967-scaled.jpg","Rabada do Jorge Americano","Rabada ensopada, servido com batata bolinha. Acompanhada de farofa de torresmo e vinagrete de agrião.","AVENIDA AUGUSTO DE LIMA, 744, CENTRO, BELO HORIZONTE, MG, BRASIL"
"Xambar","https://cdb-static-files.s3.amazonaws.com/wp-content/uploads/2025/03/19172132/xambar_minerimorienta_bh_2025_isaquerodrigues_unibh-7522-scaled.jpg","Mineirin Oriental","Miolo de acém assado na pressão, acompanhado de mandioca cozida na manteiga e farofa de banana.","AVENIDA AUGUSTO DE LIMA, 233, CENTRO, BELO HORIZONTE, MG, BRASIL"
"Amarelim do Prado","https://s2-g1.glbimg.com/A1sXFeWp6YE12bpInykstKTPpHc=/0x0:3500x2333/984x0/smart/filters:strip_icc()/i.s3.glbimg.com/v1/AUTH_59edd422c0c84a879bd37670ae4f538a/internal_photos/bs/2025/a/S/Xdxhu9TjeTSCBS0id8FA/amarelimdoprado-tremderocas-bh-2025-isaquerodrigues-unibh-7527.jpg","Trem de roças","Bochecha de porco na cama de angu mole, pesto de horta, mandioca e agrião. Acompanha pão e patê de fígado de galinha.","AVENIDA FRANCISCO SA, 658, PRADO, BELO HORIZONTE, MG, BRASIL"
"Bar e Restaurante Bom Sabor","https://s2-g1.glbimg.com/21Zoe54QmFM6g5OmqY2t3ic8LL4=/0x0:3500x2333/984x0/smart/filters:strip_icc()/i.s3.glbimg.com/v1/AUTH_59edd422c0c84a879bd37670ae4f538a/internal_photos/bs/2024/H/O/rBY68xRPCVzPoSqA4ayQ/barrestbomsabor-frangoatolado-bh-2024-rodney-costa-7607-1-.jpg","Bora Comemorar","FRALDINHA DE BOI RECHEADA COM CARNE MOIDA DE PORCO, BACOM E MUSSARELA ASSADO NA CHURRASQUEIRA. ACOMPANHADO DE FAROFA E VINAGRETE","RUA JAVA, 386, NOVA SUISSA, BELO HORIZONTE, MG, BRASIL"
"Bar Bambú","https://s2-g1.glbimg.com/OmMOS53MitRaLF443hT6x7V2HCc=/0x0:3500x2333/984x0/smart/filters:strip_icc()/i.s3.glbimg.com/v1/AUTH_59edd422c0c84a879bd37670ae4f538a/internal_photos/bs/2025/K/9/zVAopmSnm5MJgnxeDKJQ/barbambu-camaraoquedorme-bh-2025-fernandaoliveira-unibh-8355.jpg","Camarão que dorme?","Batata recheada com Strogonoff de camarão.","RUA DIVISA NOVA, 670, SALGADO FILHO, BELO HORIZONTE, MG, BRASIL"
"Bar da Silvania","https://s2-g1.glbimg.com/6qRNLbj72tQ_Dow07f6FpFKzxbg=/0x0:2048x1365/984x0/smart/filters:strip_icc()/i.s3.glbimg.com/v1/AUTH_59edd422c0c84a879bd37670ae4f538a/internal_photos/bs/2025/j/B/o8XOatRyGg4sZt66UhSA/bardasilvania-otrembaumso-bh-2025-rodneycosta-unibh-8183-2048x1365.jpg","Õ trem bão sô","Maçã de peito com mandioquinha e torradas de pão francês.","RUA SOARES NOGUEIRA, 801, CAMARGOS, BELO HORIZONTE, MG, BRASIL"
"Bar do Kim","https://s2-g1.glbimg.com/-H47IF75563iFLwrEIYvYC4nrCo=/0x0:3500x2333/984x0/smart/filters:strip_icc()/i.s3.glbimg.com/v1/AUTH_59edd422c0c84a879bd37670ae4f538a/internal_photos/bs/2025/v/D/PG5HcbT3yJQYOBE5Wymg/bardokim-musculoamodadokim-bh-2025-isaquerodrigues-unibh-9323.jpg","Músculo à moda do Kim","Músculo ao molho madeira com champignon e palmito acompanhado de torradas","PRAÇA APA, 110, JARDIM AMERICA, BELO HORIZONTE, MG, BRASIL"
"Bar do Primo","https://s2-g1.glbimg.com/yU_goSb8fBZKGE8flVLjbm_RebA=/0x0:3500x2333/984x0/smart/filters:strip_icc()/i.s3.glbimg.com/v1/AUTH_59edd422c0c84a879bd37670ae4f538a/internal_photos/bs/2025/k/B/bqNLBzRiesSYRqqwnIQQ/primo-costelinhadebuteco-bh-2025-isaquerodrigues-unibh-8526.jpg","Custelinha di Buteco","Costelinha com batata e queijo ao molho branco","AVENIDA AMAZONAS, 4649, NOVA SUISSA, BELO HORIZONTE, MG, BRASIL"
"Bar do Regis","https://s2-g1.glbimg.com/8j-oBYw4AvxsZyj-QsTMpYHTrY4=/0x0:3500x2333/984x0/smart/filters:strip_icc()/i.s3.glbimg.com/v1/AUTH_59edd422c0c84a879bd37670ae4f538a/internal_photos/bs/2025/H/l/mdfy8UQryUFiEYJAJDPw/bardoregis-trilhademinas-bh-2025-amandacantanhede-unibh-8270.jpg","Trilhas de Minas","Almôndegas ao molho de tomates, servida com polenta","RUA GAVEA, 422, NOVA SUISSA, BELO HORIZONTE, MG, BRASIL"
"Bar dos Meninos","https://s2-g1.glbimg.com/UKIJMtUtnuPK4fj2w0SuXcIjFvk=/0x0:3500x2333/984x0/smart/filters:strip_icc()/i.s3.glbimg.com/v1/AUTH_59edd422c0c84a879bd37670ae4f538a/internal_photos/bs/2025/A/3/UMZKAPSrKx45QAHarWGQ/bardosmeninos-bodasdeprata-bh-2025-rodneycosta-unibh-8218.jpg","Bodas de prata","Costelinha suína, marinada em vinho tinto servida com mostarda em folhas, acompanhada de creme de batata.","RUA LINDOLFO DEODORO, 503, SALGADO FILHO, BELO HORIZONTE, MG, BRASIL"
"Bar Junto Juntinho","https://s2-g1.glbimg.com/Woon-PL_OEZSTAa74c5VFkQykeY=/0x0:3500x2333/984x0/smart/filters:strip_icc()/i.s3.glbimg.com/v1/AUTH_59edd422c0c84a879bd37670ae4f538a/internal_photos/bs/2025/E/S/SpB1LBRz2AJN9qaukMEA/barjuntojuntinho-poliamorculinario-bh-2025-rodneycosta-unibh-1725-1-.jpg","POLIAMOR CULINÁRIO","Costelinha de porco combinada com um purê de mandioca feito com manteiga de garrafa e queijo parmesão, acompanhado de couve couve crispe e geleia de abacaxi apimentada.","RUA CURA D'ARS, 542, PRADO, BELO HORIZONTE, MG, BRASIL"
"Barzin dos amigos","https://s2-g1.glbimg.com/rHsSCU85eg8-jxL3Nl_CO8sjoDY=/0x0:3500x2333/984x0/smart/filters:strip_icc()/i.s3.glbimg.com/v1/AUTH_59edd422c0c84a879bd37670ae4f538a/internal_photos/bs/2025/0/O/xOLYXWSRaE0bYdusAuQg/bardosamigos-porpetadebuteco-bh-2025-isaquerodrigues-unibh-7775.jpg","Porpeta de Buteco","Almôndegas ao sugo com batata recheada.","RUA LINDOLFO DE AZEVEDO, 1263, JARDIM AMERICA, BELO HORIZONTE, MG, BRASIL"
"Boogie Oogie","https://s2-g1.glbimg.com/Lgp1559xLz-uyEV72hpZdFuey6w=/0x0:3500x2333/984x0/smart/filters:strip_icc()/i.s3.glbimg.com/v1/AUTH_59edd422c0c84a879bd37670ae4f538a/internal_photos/bs/2025/s/0/8ANFdfRIi7oVHXQG2BFw/booguieoogie-brancodeneveeseteanoes-bh-2025-isaquerodrigues-unibh-9371.jpg","Branca de Neve e os Sete Anões","ESPETINHOS VARIADOS, FAROFA DE CEBOLA DA CASA ACOMPANHADO DE MOLHO CAMPANHA DE MAÇÃ DA BRUXA LEVEMENTE APIMENTADO.","RUA SANTOS, 264, JARDIM AMERICA, BELO HORIZONTE, MG, BRASIL"
"Botequim Buritis","https://s2-g1.glbimg.com/I4IKqkM4tVP1NgouGsr5fD0CB08=/0x0:3500x2333/984x0/smart/filters:strip_icc()/i.s3.glbimg.com/v1/AUTH_59edd422c0c84a879bd37670ae4f538a/internal_photos/bs/2025/F/s/V4KPPTSz2KNB3tBiXPAw/botequimburitis-butequeiro-bh-2025-isaquerodrigues-unibh-7665.jpg","Butequeiro 25","Lombinho suíno na lata acompanhado de mandioquinha frita ao molho cremoso raiz","RUA VITORIO MAGNAVACCA, 39, BURITIS, BELO HORIZONTE, MG, BRASIL"
"Canela Amarela","https://s2-g1.glbimg.com/-qsWY4DfS3EDoi1og3D1TJ5sDyU=/0x0:3500x2333/984x0/smart/filters:strip_icc()/i.s3.glbimg.com/v1/AUTH_59edd422c0c84a879bd37670ae4f538a/internal_photos/bs/2025/B/6/njOWouQ6WxMvM9UjvMdw/canelaamarela-bolanarede-bh-2025-isaquerodrigues-unibh-9287.jpg","Bola Na Rede","Almôndegas bovinas sobre a cama de creme de queijos acompanhada de torradas de pão de alho e finalizada com tomatinho e manjericão. Acompanha molho da casa.","PRAÇA LEONARDO GUTIERREZ, 195, GUTIERREZ, BELO HORIZONTE, MG, BRASIL"
"Cervejaria Pajé","https://s2-g1.glbimg.com/vqLhgeL6sDpgWVzAPszLujmwUDQ=/0x0:3500x2333/984x0/smart/filters:strip_icc()/i.s3.glbimg.com/v1/AUTH_59edd422c0c84a879bd37670ae4f538a/internal_photos/bs/2025/4/B/fQTuA9Q1CvBTIBWVxQwg/cervejariapaje-xukurukariri-bh-2025-mylenaizis-unibh-8027.jpg","XUKURU KARIRI","Amassado de mandioca amarela, temperada e recheada com bacon e queijo, acompanhado de calda de abacaxi ?smooth Cayenne? e molho ""Buffalo"" picante.","RUA CAPIM BRANCO, 419, VISTA ALEGRE, BELO HORIZONTE, MG, BRASIL"
"Choperia América Norte Sul","https://s2-g1.glbimg.com/s-Ayu8OI7tZmDTwPjHWlZi_AeRA=/0x0:3500x2333/984x0/smart/filters:strip_icc()/i.s3.glbimg.com/v1/AUTH_59edd422c0c84a879bd37670ae4f538a/internal_photos/bs/2025/i/e/QB6MeNRuOthnexC2vYjA/americanortesul-tiragostoescondido-bh-2025-rodneycosta-unibh-7408.jpg","Tira gosto escondido","Pastel recheado com carne bovina defumada e desfiada, muçarela, palmito, cebola, azeitona, requeijão. Acompanha molho da casa e salada de agrião e tomate.","RUA CHICO REI, 190, ESTRELA DO ORIENTE, BELO HORIZONTE, MG, BRASIL"
"Chopp da Esquina","https://cdb-static-files.s3.amazonaws.com/wp-content/uploads/2025/03/19152143/choppdaesquina_roledochopp_bh_2025_isaquerodrigues_unibh-8826-scaled.jpg","Rolê do Chopp","Bife a rolê, acompanha farofa de torresmo","RUA GARRET, 263, NOVA GRANADA, BELO HORIZONTE, MG, BRASIL"
"Conectados Bar","https://s2-g1.glbimg.com/RylSbln5FRzRh9ThOFdQEOw78EE=/0x0:3500x2333/984x0/smart/filters:strip_icc()/i.s3.glbimg.com/v1/AUTH_59edd422c0c84a879bd37670ae4f538a/internal_photos/bs/2025/q/5/bUu3hdTpmD0rdAc98gmg/conectadosbar-ajoelhouvaiterquerezar-bh-2025-amandacantanhede-unibh-8227.jpg","Ajoelhou, vai ter que rezar!","Cozido de joelho de porco e pernil com especiarias, servido sobre creme de mandioca ao alho, acompanhado de farofa de milho amanteigado e banana-da-terra","AVENIDA FRANCISCO SA, 280, PRADO, BELO HORIZONTE, MG, BRASIL"
"Espettinho.com","https://cdb-static-files.s3.amazonaws.com/wp-content/uploads/2025/03/19153114/espettinhocom_mineirimgratinado_bh_2025_rodneycosta_unibh-9129-1536x1024.jpg","MINEIRINHO GRATINADO 2.5","Almôndegas suínas gratinadas com molho de tomate caseiro e mussarela. Acompanha 1 Espetinho de ""Sacanagem"" e um licor de doce de leite de entrada.","RUA ELI SEABRA FILHO, 510, BURITIS, BELO HORIZONTE, MG, BRASIL"
"Geraldin da Cida","https://s2-g1.glbimg.com/mjTXAnmEmOh-_e3ONTeaMLR0sOU=/0x0:3500x2333/984x0/smart/filters:strip_icc()/i.s3.glbimg.com/v1/AUTH_59edd422c0c84a879bd37670ae4f538a/internal_photos/bs/2025/Q/l/jpUiATQoi0YzBxERXRXw/geraldimdacida-soumineirouai-bh-2025-rodneycosta-unibh-8364.jpg","Sô mineiro, uai!","Alcatra com farofa de jilo com bacon. Acompanha uma sobremesa de doce de leite com castanha e bacon.","RUA CONTRIA, 1459, GRAJAU, BELO HORIZONTE, MG, BRASIL"
"Pé de Goiaba","https://cdb-static-files.s3.amazonaws.com/wp-content/uploads/2025/03/15044957/pedegoiaba_bodasdeprata_bh_2025_isaquerodrigues_unibh-8633-scaled.jpg","Bordas de Prata - 25 ANOS JUNTOS","Lombo com queijo ao molho de abacaxi picante, farofa de bacon, torresminho a pururuca e couve","AVENIDA AMAZONAS, 4676, NOVA SUISSA, BELO HORIZONTE, MG, BRASIL"
"Prado Beer","https://cdb-static-files.s3.amazonaws.com/wp-content/uploads/2025/03/19160250/pradobeer_amontadinho_bh_2025_isaquerodrigues_unibh-8981-scaled.jpg","Amontadinho","Angu com carne de panela, chips de jiló e molho a base de milho e cachaça","AVENIDA FRANCISCO SA, 590, PRADO, BELO HORIZONTE, MG, BRASIL"
"Quioxque Botequim Carioca","https://cdb-static-files.s3.amazonaws.com/wp-content/uploads/2025/03/19170333/quioxque_estamosdeparabens_bh_2025_isaquerodrigues_unibh-7820-scaled.jpg","ESTAMOS DE PARABÉNS","BOLO DE MANDIOCA COM CARNE SECA COM COBERTURA DE CEBOLA CARAMELIZADA E FONDUTA DE QUEIJO, SERVIDO COM PELINHA DE COSTELINHA COM TOQUE DE LIMAO","RUA HENRIQUE BADARO PORTUGAL, 157, BURITIS, BELO HORIZONTE, MG, BRASIL"
"S.O.S PUB","https://s2-g1.glbimg.com/W74Fo3vMPGpRcAk8jTSBcNkMlSU=/0x0:3500x2333/984x0/smart/filters:strip_icc()/i.s3.glbimg.com/v1/AUTH_59edd422c0c84a879bd37670ae4f538a/internal_photos/bs/2025/t/w/4tp1rXTAaBM6758Rvgyg/sospub-socorrodomineiro-bh-2025-amandacantanhede-unibh-8010.jpg","Socorro do Mineiro","Enroladinho de sururu com batata, enroladinho de lombo de porco com abacaxi cozido, enroladinho de feijoada e um mini empadão de frango e pernil com linguiça molhadinho. Todos acompanhados pelo molho especial da casa.","AVENIDA PADRE JOSE MAURICIO, 1126, VISTA ALEGRE, BELO HORIZONTE, MG, BRASIL"
"Us Motoca","https://cdb-static-files.s3.amazonaws.com/wp-content/uploads/2025/03/15044259/usmotoca_bodasdeprata_bh_2025_mylenaizis_unibh-9157-scaled.jpg","Bodas de Prata","Polpetas de carne recheadas com queijo servido sobre aligot de batata e molho de tomates rustico, gratinado e guarnecido de crispy de jilo e pickles de cebola rocha.","RUA BLENDA, 91, CAMARGOS, BELO HORIZONTE, MG, BRASIL"
"Bar do Nelson","https://s2-g1.glbimg.com/xOoZoKRrKnEHiupBdo0r3VB0WL8=/0x0:3500x2333/984x0/smart/filters:strip_icc()/i.s3.glbimg.com/v1/AUTH_59edd422c0c84a879bd37670ae4f538a/internal_photos/bs/2025/w/9/DD84CfRTiAfsTlSXjmgA/bardonelson-bolinhodeprata-bh-2025-amandacantanhede-unibh-9036.jpg","Boudas de Prata","Bolinho de feijoada","RUA VICENTE RISOLA, 1000, SANTA INES, BELO HORIZONTE, MG, BRASIL"
"Bar Du Du","https://comidadibuteco.com.br/wp-content/uploads/2022/03/Bar-du-Du_Moela-do-Papai_Pocos-de-Caldas_2023_Dreison-Medeiros-scaled.jpg","Porco sem vergonha","Picadinho de carne de porco ao molho acompanhado de um creme de batata","RUA VIOLETA, 369, ESPLANADA, BELO HORIZONTE, MG, BRASIL"
"Bar Temático Sta Teresa","https://cdb-static-files.s3.amazonaws.com/wp-content/uploads/2025/03/15050630/tematico_cdb_25desucessoarrumado_bh_2025_rodneycosta_unibh-9084-scaled.jpg","#CDB - 25 anos de sucesso - Arrumado","Carne de sol, feijão de corda, farofa e vinagrete e manteiga de garrafa .","RUA PIRITE, 187, SANTA TEREZA, BELO HORIZONTE, MG, BRASIL"
"Cantinho da Baiana","https://cdb-static-files.s3.amazonaws.com/wp-content/uploads/2025/03/19151713/cantinhodabaianamineirounos25_bh_2025_rodneycosta_unibh-8748-scaled.jpg","Mineirou nos 25","Tiras de galeto, envoltas em casquinha crocante de queijo parmesão. Acompanhados por creme de bacon crispy.","AVENIDA ITAITE, 422, SÃO GERALDO, BELO HORIZONTE, MG, BRASIL"
"COSMOS","https://s2-g1.glbimg.com/T7ICQMnz0pBmz14LiRzhJ1ars6I=/0x0:3500x2333/984x0/smart/filters:strip_icc()/i.s3.glbimg.com/v1/AUTH_59edd422c0c84a879bd37670ae4f538a/internal_photos/bs/2025/P/G/VvtaR9SfOWa39kXNBVLw/cosmos-meteoroexplosaodesabores-bh-2025-rodneycosta-unibh-7483.jpg","Meteoro - Explosão de sabores","Tiras de picanha, alcatra e maminha ao molho de cerveja preta, com batata tipo chips e creme de alho.","RUA VICENTE RISOLA, 1305, SANTA INES, BELO HORIZONTE, MG, BRASIL"
"Iracema bar","https://cdb-static-files.s3.amazonaws.com/wp-content/uploads/2025/03/19153541/iracema_harumakidecarnedepanela_bh_2025_fernandaoliveira_unibh-8240-scaled.jpg","Harumaki de Carne de Panela servido com molho picante de cebola caramelizada","Harumaki, também conhecido como rolinho primavera, recheado com uma carne de panela cozida bem devagarinho e cheia de especiarias. Servido com um molho agridoce e picante. Uma explosão de texturas e sabores.","RUA ALMANDINA, 56, SANTA TEREZA, BELO HORIZONTE, MG, BRASIL"
"Koqueiros Bar","https://s2-g1.glbimg.com/UGo8at6j82f5U7oC-O7l5VV2C68=/0x0:3500x2333/984x0/smart/filters:strip_icc()/i.s3.glbimg.com/v1/AUTH_59edd422c0c84a879bd37670ae4f538a/internal_photos/bs/2025/C/1/drW6JKTWuGQR4u2DsvrA/koqueiros-duvideimasamei-bh-2025-isaquerodrigues-unibh-7679.jpg","Duvidei, mas amei!","Berinjela empanada e frita servida ao molho à bolonhesa em uma cama de requeijão cremoso, coberta de muçarela. Acompanha pasteizinhos de vento da casa.","AVENIDA SILVIANO BRANDAO, 1293, SAGRADA FAMILIA, BELO HORIZONTE, MG, BRASIL"
"Köbes Emporium Bar","https://s2-g1.glbimg.com/4XFP4bl8cGHl6LMr-DKPBd-beiA=/0x0:3500x2333/984x0/smart/filters:strip_icc()/i.s3.glbimg.com/v1/AUTH_59edd422c0c84a879bd37670ae4f538a/internal_photos/bs/2025/Z/M/XCXz9TTUyI9nEcjUxB0Q/kobes-asasdaimaginacao-bh-2025-isaquerodrigues-unibh-7787.jpg","Asas da Imaginação","Asas de porco com molho à moda da casa, sobre purê de batata com açafrão.","RUA PROFESSOR RAIMUNDO NONATO, 31, SANTA TEREZA, BELO HORIZONTE, MG, BRASIL"
"Locomotivas Bar","https://s2-g1.glbimg.com/TQqAlYVssb3uEzvSClqZKmXv4Ak=/0x0:3500x2333/984x0/smart/filters:strip_icc()/i.s3.glbimg.com/v1/AUTH_59edd422c0c84a879bd37670ae4f538a/internal_photos/bs/2025/p/O/7movpNRjC5nrug5R9kuQ/locomotivasbar-cumpimembreagadoetrouxa-bh-2025-amandacantanhede-unibh-8315.jpg","CUPIM: Embriagado e trouxa","Trouxinha recheada com cupim marinado na cachaça e queijo canastra, acompanha maionese de alho","RUA CARMESIA, 568, SANTA INES, BELO HORIZONTE, MG, BRASIL"
"Quitandas da Tia Nice Bar","https://cdb-static-files.s3.amazonaws.com/wp-content/uploads/2025/03/15044911/quitandatianice_queceque_bh_2025_rodneycosta_unibh-7389-2048x1365.jpg","QUÊ SÉ QUÉ!","Disco de Carne Recheada com Provolone","RUA ALABASTRO, 146, SAGRADA FAMILIA, BELO HORIZONTE, MG, BRASIL"
"Regis Bar","https://cdb-static-files.s3.amazonaws.com/wp-content/uploads/2025/03/15044821/regisbar_trioparadadura_bh_2025_isaquerodrigues_unibh-8785-scaled.jpg","Trio parada dura","Costelinha ao molho de abacaxi com mandioca e cebola","RUA VINTE E OITO DE SETEMBRO, 872, ESPLANADA, BELO HORIZONTE, MG, BRASIL"
"Santa Boemia","https://s2-g1.glbimg.com/joRyFdM_F7vGdyoahrnx6cquiJ4=/0x0:3500x2333/984x0/smart/filters:strip_icc()/i.s3.glbimg.com/v1/AUTH_59edd422c0c84a879bd37670ae4f538a/internal_photos/bs/2025/u/V/1xcDOZQ5SYHtErKSW0YA/santaboemia-sextoubb-bh-2025-rodneycosta-unibh-7592.jpg","Sextou BB!","Bolinhos de feijoada, recheados com calabresa e couve, acompanhados de torresminho pururuca, vinagrete da casa, laranja e uma dose de cachaça","RUA MARMORE, 534, SANTA TEREZA, BELO HORIZONTE, MG, BRASIL"
"Silvio's Bar","https://s2-g1.glbimg.com/zaxyrYGi6qblQiL53MdlyoxJS9I=/0x0:3500x2333/984x0/smart/filters:strip_icc()/i.s3.glbimg.com/v1/AUTH_59edd422c0c84a879bd37670ae4f538a/internal_photos/bs/2025/Y/f/IzbrtJQt219jCz4qyhLA/silviosbar-frangonia-bh-2025-rodneycosta-unibh-7982.jpg","Frangônia","Coxinha da asa de frango empanado, acompanha batata rústica e molho parmesão e ervas.","RUA BEGONIA, 199, ESPLANADA, BELO HORIZONTE, MG, BRASIL"
"Sinhá Erozitha Bistrôteco","https://s2-g1.glbimg.com/CyJ94456KRwbM_x0X6anDUp20sc=/0x0:3500x2333/984x0/smart/filters:strip_icc()/i.s3.glbimg.com/v1/AUTH_59edd422c0c84a879bd37670ae4f538a/internal_photos/bs/2025/0/A/yMwOHGRkOzxeo8WfQlJw/sinhaerozitha-elasquera-bh-2025-isaquerodrigues-unibh-8251.jpg","Êêêê, lasqueira!!!","PANTURRILHA SUÍNA NO SEU MOLHO COM LEGUMES GRELHADOS","RUA SANTO AMARO, 257, SAGRADA FAMILIA, BELO HORIZONTE, MG, BRASIL"
"Bar do Bartolomeu","https://s2-g1.glbimg.com/UY3duScf7xPGl5ujAQRP6cOf_eE=/0x0:3500x2333/1000x0/smart/filters:strip_icc()/i.s3.glbimg.com/v1/AUTH_59edd422c0c84a879bd37670ae4f538a/internal_photos/bs/2025/J/P/asYaFLRcA0sFNkfLZSqA/bardobartolomeu-bembolado-bh-2025-fernandaoliveira-unibh-8039.jpg","Bem Bolado, Uai!!","Bolinho de rabada com catupiry e alho poró. Acompanhado com molho da casa e molho geleia de pimenta.","RUA ARTHUR LUCCHESI, 356, SANTA HELENA, BELO HORIZONTE, MG, BRASIL"
"Bar e Restaurante do Joãozinho","https://cdb-static-files.s3.amazonaws.com/wp-content/uploads/2025/03/24070652/bardojoaozinho_triomineiro_bh_2025_rodneycosta_unibh-7419-scaled.jpg","Trio Mineiro","Quarteto: carne de lata bovina frita, torresmo pururuca, queijo temperado a moda da casa, molho de alho poró.","RUA PINHEIRO CHAGAS, 295, BARREIRO, BELO HORIZONTE, MG, BRASIL"
"Espetinho do Boi","https://cdb-static-files.s3.amazonaws.com/wp-content/uploads/2025/03/19152726/espetinhodoboi_brigadeirodoboi_bh_2025_rodneycosta_unibh-8501-scaled.jpg","Brigadeiro do Boi","Almondega selada no forno com cobertura de queijo e salpicada com torresmo ao molho especial.","RUA SAO PAULO DA CRUZ, 357, BARREIRO, BELO HORIZONTE, MG, BRASIL"
"Golden Grill","https://cdb-static-files.s3.amazonaws.com/wp-content/uploads/2025/03/15045801/goldengrill_costelaodosdeuses_bh_2025_rodneycosta_unibh-8167-scaled.jpg","Costelão dos Deuses","Costelão de boi marinado em ervas finas acompanhado de purê de mandioca aligot , Farofa crocante e molho agridoce especial.","RUA AMILCAR CABRAL, 515, MILIONARIOS, BELO HORIZONTE, MG, BRASIL"
"Já To Inno","https://cdb-static-files.s3.amazonaws.com/wp-content/uploads/2025/03/15045650/jatoinno_moderacao_bh_2025_fernandaoliveira_unibh-8097-scaled.jpg","Moderação","Kafta de lata, acompanhada de caponata de tomate com bacon e linguiça regados com angu a moda da casa gratinado com queijo.","RUA BENJAMIM DIAS, 379, BARREIRO, BELO HORIZONTE, MG, BRASIL"
"Leo da Quadra","https://s2-g1.glbimg.com/2wxjwT3B8DMyFkqO9V9nGC3MqU8=/0x0:3500x2333/984x0/smart/filters:strip_icc()/i.s3.glbimg.com/v1/AUTH_59edd422c0c84a879bd37670ae4f538a/internal_photos/bs/2025/B/L/e4w98WTQudCUzTp6AvyQ/leodaquadra-lembeosbeicos-bh-2025-rodneycosta-unibh-7632.jpg","Lembe os beiço","Bisteca bovina acompanhando de pirão e torradas","RUA OLIVEIRA LISBOA, 107, BARREIRO, BELO HORIZONTE, MG, BRASIL"
"Alexandre's Bar","https://s2-g1.glbimg.com/w6xgTZb45ExVKcLoRAFIaPl2iwA=/0x0:3500x2333/984x0/smart/filters:strip_icc()/i.s3.glbimg.com/v1/AUTH_59edd422c0c84a879bd37670ae4f538a/internal_photos/bs/2025/T/o/nXdbyMTvuav3ZpGEAotA/alexandresbar-fabulosodiscao-bh-2025-isaquerodrigues-unibh-8111.jpg","O fabuloso discão","Polpetone com recheio de muçarela acompanhada com caponata de berinjela e abobrinha.","RUA DAVID ALVES DO VALE, 68, SANTA ROSA, BELO HORIZONTE, MG, BRASIL"
"Armazém Santa Amélia","https://s2-g1.glbimg.com/z23BBsunx09X3iGDgJq31t80KMQ=/0x0:3500x2333/984x0/smart/filters:strip_icc()/i.s3.glbimg.com/v1/AUTH_59edd422c0c84a879bd37670ae4f538a/internal_photos/bs/2025/n/7/ER0aMGSpW0AbDTBPLYfw/armazemsantaamelia-segredodoarmazem-bh-2025-isaquerodrigues-unibh-7616.jpg","Segredo do Armázem","Polenta cremosa com ragu de carnes cheio de sabor, agrião fresco, crispy de parmesão e um toque secreto para abrilhantar as Bodas de Prata do Comida di Buteco.","AVENIDA DA SINFONIA, 253, SANTA AMELIA, BELO HORIZONTE, MG, BRASIL"
"Bar Pompéu","https://s2-g1.glbimg.com/i9d0IktNxvSj5wWM2VzyOnKMlM0=/0x0:3500x2333/984x0/smart/filters:strip_icc()/i.s3.glbimg.com/v1/AUTH_59edd422c0c84a879bd37670ae4f538a/internal_photos/bs/2025/M/V/gRE5PlRgKotlyvT5zgwQ/pompeu-emasnume-bh-2025-rodneycosta-unibh-8144.jpg","É mas num é","Iscas de filé de frango empanadas no flocos de arroz regado ao molho de alho poró e creem cheese, acompanha batata frita canoa e molho agridoce de goiabada.","RUA SAO MIGUEL, 779, ITAPOA, BELO HORIZONTE, MG, BRASIL"
"Barrigudinha Buteco","https://s2-g1.glbimg.com/R89DusuI6nOE395utBmW780octk=/0x0:3500x2333/984x0/smart/filters:strip_icc()/i.s3.glbimg.com/v1/AUTH_59edd422c0c84a879bd37670ae4f538a/internal_photos/bs/2025/B/M/MBGNffSb6eDaFPHOcbfQ/barrigudinha-bodasaopradoribaomolhorubi-bh-2025-rodneycosta-unibh-8195.jpg","Bodas no prato: Rib ao molho Rubi","Costelinha de porco ao molho rubi","AVENIDA DOS ENGENHEIROS, 1071, ALIPIO DE MELO, BELO HORIZONTE, MG, BRASIL"
"Bazin Bar","https://s2-g1.glbimg.com/cSLBEE4q2YpYRs5pdwTXvrG7dGA=/0x0:3500x2333/984x0/smart/filters:strip_icc()/i.s3.glbimg.com/v1/AUTH_59edd422c0c84a879bd37670ae4f538a/internal_photos/bs/2025/u/h/wAfwYRSBqXnCppeH9NWQ/bazim-bodasdeprata-bh-2025-rodneycosta-unibh-8388.jpg","Bodas de Prata","CARNE DE PANELA ACOMPANHADA DE ANGU E ORA-PRO-NÓBIS","RUA MINISTRO OROZIMBO NONATO, 1053, DONA CLARA, BELO HORIZONTE, MG, BRASIL"
"Buteco do Lili","https://s2-g1.glbimg.com/tBXpjB3M7A1jnlz47UaR1eXpK78=/0x0:3500x2333/984x0/smart/filters:strip_icc()/i.s3.glbimg.com/v1/AUTH_59edd422c0c84a879bd37670ae4f538a/internal_photos/bs/2025/z/X/XOq7tDQ8yhBLjzFj9d8g/butecodolili-saboresdeprata-bh-2025-rodneycosta-unibh-8489.jpg","Sabores de Prata","Fraldinha de panela ao molho Roti acompanhado de batata ao murro e pães de queijo fritos","RUA LIBERO BADARO, 493, SANTA ROSA, BELO HORIZONTE, MG, BRASIL"
"Buteco do Rod","https://s2-g1.glbimg.com/rcheDAo435TFrOxcL1aBQU9wUI8=/0x0:3500x2333/984x0/smart/filters:strip_icc()/i.s3.glbimg.com/v1/AUTH_59edd422c0c84a879bd37670ae4f538a/internal_photos/bs/2025/u/A/G2V1wEQJanSxRNgv5OIg/butecodorod-caneladebutequeiro-bh-2025-isaquerodrigues-unibh-8863.jpg","Canela di Butequêro","Cambito suíno ao molho de cerveja preta acima de uma polenta temperada com páprica defumada e espinafre, acompanhado de farofa panko com bacon, finalizados com queijo gouda derretidinho.","RUA JOSE MOURA PECANHA, 12, OURO PRETO, BELO HORIZONTE, MG, BRASIL"
"Buteco Tô D'Boa","https://s2-g1.glbimg.com/g9BbVrEl3_G4hnffVbKT5NkUvWI=/0x0:3500x2333/984x0/smart/filters:strip_icc()/i.s3.glbimg.com/v1/AUTH_59edd422c0c84a879bd37670ae4f538a/internal_photos/bs/2025/p/5/78e76aRRi5fyp7EUBvNg/butecotodeboa-paletasuinamineira-bh-2025-isaquerodrigues-unibh-7945.jpg","Paleta Suína Mineira","Paleta suína marinada com molho especial e cerveja preta,acompanhada de farofa de bacon crocante, banana da terra caramelizada e finalizada com cheiro verde.","RUA VIRGILIO DE MELO FRANCO, 400, SANTA AMELIA, BELO HORIZONTE, MG, BRASIL"
"Buteco's Bar","https://s2-g1.glbimg.com/_by_EA0HlWNRgrgcsr3ahRRaSqQ=/0x0:3500x2333/984x0/smart/filters:strip_icc()/i.s3.glbimg.com/v1/AUTH_59edd422c0c84a879bd37670ae4f538a/internal_photos/bs/2025/R/P/xrIONDRyAGW4VVlfeUCg/butecosbar-nuhrachouminhacostela-bh-2025-rodneycosta-unibh-8662.jpg","Nuuuu...quebrou minha costelinha!","Porpeta de costelinha com bacon assada, recheada com queijo minas, regada ao molho roti, em cama de canjiquinha acompanhada de quiabo e molho pesto de couve e coentro.","RUA ERNESTO BRAGA, 2, JARDIM ATLANTICO, BELO HORIZONTE, MG, BRASIL"
"Butiquim On Cê Tá?","https://s2-g1.glbimg.com/cb_i9ci7M68mFxRzy3rUzZS6Aew=/0x0:3500x2333/1000x0/smart/filters:strip_icc()/i.s3.glbimg.com/v1/AUTH_59edd422c0c84a879bd37670ae4f538a/internal_photos/bs/2025/C/u/9UNNRTQoi97ClUir8Qiw/butequimonceta-almodegadamammatereza-bh-2025-isaquerodrigues-unibh-9021.jpg","Almondega da Mamma Tereza","Almôndega ao molho de tomate, recheada com queijo. Acompanha rodelas de pão francês.","AVENIDA GENERAL OLIMPIO MOURAO FILHO, 754, ITAPOA, BELO HORIZONTE, MG, BRASIL"
"Deck Boi na Brasa","https://cdb-static-files.s3.amazonaws.com/wp-content/uploads/2025/03/19152342/deckboinabrasa_tulipadochefe_bh_2025_isaquerodrigues_unibh-9360-1536x1024.jpg","Tulipa do Cheff","Tulipas Frango assadas na brasa, envolvidas em um molho agridoce da casa com um toque de goiabada, servidas com mini Batatas Rústica e Mini Banana da terra fritas regado ao molho de ervas.","RUA DESEMBARGADOR JOSÉ SATYRO, 302, MANACAS, BELO HORIZONTE, MG, BRASIL"
"Juzé Bar","https://s2-g1.glbimg.com/RMzsKAj_lKM1xM8H5PmqbyRfmMc=/0x0:3500x2333/984x0/smart/filters:strip_icc()/i.s3.glbimg.com/v1/AUTH_59edd422c0c84a879bd37670ae4f538a/internal_photos/bs/2025/c/A/AHASWOSYCRzqbBodFoXg/juze-abacaxedanoburacoquente-bh-2025-isaquerodrigues-unibh-8653.jpg","Macaxeira no buraco quente, com sabor de quero+","Carne cozida desfiada ao molho servida na panhoca acompanhada de macaxeira cozida na manteiga de garrafa ao alho e cebola caramelizada.","RUA CARLOS SA, 180, SANTA AMELIA, BELO HORIZONTE, MG, BRASIL"
"Magnifico Quintal","https://s2-g1.glbimg.com/NG1e1AgBFTDfhpIN6qwkNE0Py64=/0x0:3500x2333/1000x0/smart/filters:strip_icc()/i.s3.glbimg.com/v1/AUTH_59edd422c0c84a879bd37670ae4f538a/internal_photos/bs/2025/g/J/KiCkVHRxC3qprObxEqVQ/magnifcoquinta-cocorico-bh-2025-isaquerodrigues-unibh-7756.jpg","Cocoricó","Frango assado com molho, batata recheada e pepino agridoce.","RUA DOUTOR JEFFERSON DE OLIVEIRA, 56, SANTA AMELIA, BELO HORIZONTE, MG, BRASIL"
"Magrelo's bar","https://s2-g1.glbimg.com/dNgbFhVIwkOheBPp0EwrZjF2J5g=/0x0:3500x2333/984x0/smart/filters:strip_icc()/i.s3.glbimg.com/v1/AUTH_59edd422c0c84a879bd37670ae4f538a/internal_photos/bs/2025/1/B/lhD5fmSjuHHCBldyVC4A/magrelos-amigosdopeito-bh-2025-isaquerodrigues-unibh-9303.jpg","Amigos do Peito","Maçã de peito marinada em vinho tinto com ervas aromáticas, servido com polenta cremosa gratinada com queijo canastra e bolinhos de aipim, acompanhados de aioli de rúcula fresco.","AVENIDA SERRANA, 635, SERRANO, BELO HORIZONTE, MG, BRASIL"
"Mineiros Beer","https://cdb-static-files.s3.amazonaws.com/wp-content/uploads/2025/03/19154514/mineirosbeer_costeladeromeu_bh_2025_isaquerodrigues_unibh-8592-1536x1024.jpg","Costela de Romeu e Julieta","Costelinha suína assada lentamente servida com molho de queijo canastra, barbecue de goiabada e farofa torrada.","RUA ROMUALDO LOPES CANCADO, 399, CASTELO, BELO HORIZONTE, MG, BRASIL"
"Parada 10.95 Bar","https://s2-g1.glbimg.com/-71LprOaRkr4WW8UStUr-V7Uddg=/0x0:3500x2333/984x0/smart/filters:strip_icc()/i.s3.glbimg.com/v1/AUTH_59edd422c0c84a879bd37670ae4f538a/internal_photos/bs/2025/Q/g/6LRMjoSoqgHU3yZRJdKQ/parada1095-bh-2025-amandacantanhede-unibh-8058.jpg","Parada Holandesa","Uma adaptação do tradicional prato belgo-holandês carbonnade flamande. Carne bovina marinada na cerveja e cozida lentamente. Acompanha purê de mandioca e batata crocante.","AVENIDA DOS ENGENHEIROS, 1095, ALIPIO DE MELO, BELO HORIZONTE, MG, BRASIL"
"Planeta Lúpulo","https://cdb-static-files.s3.amazonaws.com/wp-content/uploads/2025/03/19160104/planetalupulo_cestinhadasgerais_bh_2025_isaquerodrigues_unibh-8557-1536x1024.jpg","Cestinha das Gerais","Cestinhas de massa de pastel, recheadas com aligot de batata e queijo, coberta com fraldinha cozida na cerveja. E biscoitos de queijo (da vovó) para acompanhar.","AVENIDA GUARAPARI, 110, SANTA AMELIA, BELO HORIZONTE, MG, BRASIL"
"Rancho do Manoel","https://s2-g1.glbimg.com/ibK_u3USJeiC7dLipgNegTIFkXg=/0x0:3500x2333/984x0/smart/filters:strip_icc()/i.s3.glbimg.com/v1/AUTH_59edd422c0c84a879bd37670ae4f538a/internal_photos/bs/2025/n/v/QPHUBlQ8eVMAEW9tmeyQ/ranchodomanoel-trembaoso-bh-2025-rodneycosta-unibh-7453.jpg","Trem Bão Sô!","Maçã de peito acompanhada de purê de moranga e farofa da casa.","RUA IZABEL BUENO, 1100, SANTA ROSA, BELO HORIZONTE, MG, BRASIL"
"Rei do Peixe","https://cdb-static-files.s3.amazonaws.com/wp-content/uploads/2025/03/10074117/oreidopeixe_bolinhobodasdeprata_bh_2025_rodneycosta_unibh-9259-1536x1024.jpg"," Bolinhos Bodas de Prata","Bolinho de Tilápia recheado com Tilápia e queijo, acompanhado com molho verde e geleia de pimenta.","RUA RAMALHO ORTIGAO, 685, SANTA BRANCA, BELO HORIZONTE, MG, BRASIL"
"Seu Braz","https://cdb-static-files.s3.amazonaws.com/wp-content/uploads/2025/03/15044541/seubraz_contrafileflambadonacachaca_bh_2025_isaquerodrigues_unibh-7921-1536x1024.jpg","Contra filet flambado na cachaça","Contra filet flambado na cachaça ao creme acompanhado de mandioca na manteiga de garrafa com queijo gratinado e bacon crocante.","AVENIDA PORTUGAL, 4325, ITAPOA, BELO HORIZONTE, MG, BRASIL"
"Sô Bar","https://s2-g1.glbimg.com/EBMcfqL-rlWoYSfmlXbxu3IxzUE=/0x0:3500x2333/984x0/smart/filters:strip_icc()/i.s3.glbimg.com/v1/AUTH_59edd422c0c84a879bd37670ae4f538a/internal_photos/bs/2025/8/r/3g5BOlRuGGhGTZgxy0Hg/sobar-somio-bh-2025-rodneycosta-unibh-8449.jpg","Sô Mio","Maçã de peito com batatas cozidas, farofa de torresmo e espetinho de torresmo de barriga com pimenta agridoce.","AVENIDA ALTAMIRO AVELINO SOARES, 426, CASTELO, BELO HORIZONTE, MG, BRASIL"
"Toca do Ogro","https://s2-g1.glbimg.com/XpL5iU_3lbUh-mkIMglzns015r0=/0x0:3500x2333/984x0/smart/filters:strip_icc()/i.s3.glbimg.com/v1/AUTH_59edd422c0c84a879bd37670ae4f538a/internal_photos/bs/2025/0/e/Zsww6cQOikwACTgXP2bQ/tocadoogro-ripadeprata-bh-2025-rodneycosta-unibh-9147.jpg","Ripa de Prata","Picolé Mineiro - Costelinha suína com pele e osso. Acompanhada de purê de mandioca e crispy de couve.","RUA PROFESSOR NELSON DE SENA, 4, AEROPORTO, BELO HORIZONTE, MG, BRASIL"
"Xico do Churrasco","https://s2-g1.glbimg.com/A6yzBbSKhOA3394Ho6Y-m-mqH3I=/0x0:3500x2333/984x0/smart/filters:strip_icc()/i.s3.glbimg.com/v1/AUTH_59edd422c0c84a879bd37670ae4f538a/internal_photos/bs/2025/3/i/gdzChfTFCcR9sXGyh8Ew/xicodochurrasco-xicobalaio-bh-2025-isaquerodrigues-unibh-7860.jpg","Xico Balaio","Asinhas de frango com provolone com o tempero.","AVENIDA ALTAMIRO AVELINO SOARES, 920, CASTELO, BELO HORIZONTE, MG, BRASIL"
"Zoo Bar","https://s2-g1.glbimg.com/0zJKQ8lvJDa71FZmBgyYSH0fiu4=/0x0:3500x2333/984x0/smart/filters:strip_icc()/i.s3.glbimg.com/v1/AUTH_59edd422c0c84a879bd37670ae4f538a/internal_photos/bs/2025/E/Z/LByXj2SXipAoBqScSu9w/zoobar-canjiquinhadavovo-bh-2025-isaquerodrigues-unibh-8303.jpg","Canjiquinha da Vovó","Canjiquinha a moda da vovó, acompanhada de Costelinha de porco e vinagrete de pimenta.","AVENIDA OTACILIO NEGRAO DE LIMA, 7844, PAMPULHA, BELO HORIZONTE, MG, BRASIL"
"Bar do Romeu","https://cdb-static-files.s3.amazonaws.com/wp-content/uploads/2025/03/15050906/bardoromeu_penorabo_bh_2025_rodneycosta_unibh-7542-1536x1024.jpg","Pé no Rabo","Rabada com pé de porco acompanhada de farofa de abacaxi, geleia de pimenta e torradinha","RUA ANIRY, 8, GUARANI, BELO HORIZONTE, MG, BRASIL"
"Bar Stella","https://s2-g1.glbimg.com/BtIMSeb5q2VcHI_Uq-la_mSJNGg=/0x0:3500x2333/984x0/smart/filters:strip_icc()/i.s3.glbimg.com/v1/AUTH_59edd422c0c84a879bd37670ae4f538a/internal_photos/bs/2025/q/E/hUoI9bSkOgMMuvBiARFw/barstella-boibebum-bh-2025-amandacantanhede-unibh-7586-1-.jpg","Boi bebum","Maçã de peito ao molho de vinho, acompanhado de farofa d'água e mandioca na manteiga de garrafa","AVENIDA SARAMENHA, 1605, TUPI B, BELO HORIZONTE, MG, BRASIL"
"Chapa Mágica","https://cdb-static-files.s3.amazonaws.com/wp-content/uploads/2025/03/19152044/chapamagica_incangadodeihameebancondadonabiu_bh_2025_amandacantanhede_unibh-8830-scaled.jpg","Incangado de inhame com bacon dona Biu","Purê de inhame com bacon","RUA WALDOMIRO LOBO, 305, AARAO REIS, BELO HORIZONTE, MG, BRASIL"
"Companhia do Dino","https://s2-g1.glbimg.com/sgnOZMXraROXWsE3-voD1lI9-NM=/0x0:3500x2333/984x0/smart/filters:strip_icc()/i.s3.glbimg.com/v1/AUTH_59edd422c0c84a879bd37670ae4f538a/internal_photos/bs/2025/M/N/Ei7NvpQg2nXTb6acK6Bw/companhiadodino-barrigadodino-bh-2025-rodneycosta-unibh-7498.jpg","Barriga do Dino","Barriga frita com geleia de pimenta e mandioca na manteiga de garrafa.","RUA JOAQUIM CLEMENTE, 682, FLORAMAR, BELO HORIZONTE, MG, BRASIL"
"Fogão de Minas","https://cdb-static-files.s3.amazonaws.com/wp-content/uploads/2025/03/19153205/fogaodeminas_tropadeelite_bh_2025_rodneycosta_unibh-8509-scaled.jpg","Tropa de Elite","Petisco de tropeiro","AVENIDA DOUTOR CRISTIANO GUIMARAES, 1911, PLANALTO, BELO HORIZONTE, MG, BRASIL"
"Garagge Vintage","https://cdb-static-files.s3.amazonaws.com/wp-content/uploads/2025/03/19153255/garaggevintage_baotambem_bh_2025_amandacantanhede_unibh-8958-scaled.jpg","Bão Também","Maminha cozida marinada no vinho tinto, servida com molho madeira, acompanhada de purê abóbora moranga com bacon frito triturado e chips massa de lasanha.","AVENIDA DOUTOR CRISTIANO GUIMARAES, 1258, PLANALTO, BELO HORIZONTE, MG, BRASIL"
"Ivo Grill","https://s2-g1.glbimg.com/i_FeOtGPobYIKrbfySWpI_xznN8=/0x0:3500x2333/984x0/smart/filters:strip_icc()/i.s3.glbimg.com/v1/AUTH_59edd422c0c84a879bd37670ae4f538a/internal_photos/bs/2025/T/l/bgo85gTR2Oz9D8jr6EMw/ivogrill-kafajeste-bh-2025-mylenaizis-unibh-9216.jpg","Kafajeste","Kafta defumada na brasa harmonizada com sour cream, geleia de pimentas vermelhas e cebola em tiras crocantes.","RUA PROFESSOR TRISTAO DA CUNHA, 183, PLANALTO, BELO HORIZONTE, MG, BRASIL"
"Lá Ele Bar","https://s2-g1.glbimg.com/koWY4qg2Q6VrB-Yp4tPOQIdvdx8=/0x0:3500x2333/984x0/smart/filters:strip_icc()/i.s3.glbimg.com/v1/AUTH_59edd422c0c84a879bd37670ae4f538a/internal_photos/bs/2025/U/h/448aMJSoq8uYi0LeYUQw/laele-peitimmoiado-bh-2025-rodneycosta-unibh-9100.jpg","Peitin Moído","Maçã de peito cozida com legumes, acompanhada de farofa da casa, LAELEgrete e pão","AVENIDA GENERAL CARLOS GUEDES, 165, PLANALTO, BELO HORIZONTE, MG, BRASIL"
"Parada Do Sabor","https://cdb-static-files.s3.amazonaws.com/wp-content/uploads/2025/03/15045053/paradadosabor_coracaodoparada_bh_2025_isaquerodrigues_unibh-8637-scaled.jpg","Coração do Parada","Coração de boi recheado com: bacon, linguiça, cenoura. Acompanha farofa, batata bolinha assada e molho glace.","AVENIDA GENERAL CARLOS GUEDES, 346, PLANALTO, BELO HORIZONTE, MG, BRASIL"
"Prosa Boa","https://s2-g1.glbimg.com/KhuaE3fOQG-qYiCPiA3nIrSIg7Q=/0x0:3500x2333/984x0/smart/filters:strip_icc()/i.s3.glbimg.com/v1/AUTH_59edd422c0c84a879bd37670ae4f538a/internal_photos/bs/2025/c/C/pqpZ1lS5GdYFDtsICLjg/prosaboa-roendoateoosso-bh-2025-rodneycosta-unibh-7476.jpg","ROENDO ATÉ OS OSSOS","COSTELA BOVINA BRASEADA, ACOMPANHADA DE BATATINHAS TEMPERADAS, ANTEPASTO DE AZEITONAS E TOMATINHOS E FAROFA CROCANTE DE BACON","AVENIDA DOUTOR CRISTIANO GUIMARAES, 1480, PLANALTO, BELO HORIZONTE, MG, BRASIL"
"Zé Bolacha","https://comidadibuteco.com.br/wp-content/uploads/2025/03/zebolacha_rabico_bh_2025_isaquerodrigues_unibh-9275-scaled.jpg","Rabicó","Bolinho de costelinha desfiada com requeijão e muçarela, empanada no panko com molho de laranja e mel.","RUA DAS MELANCIAS, 35, VILA CLORIS, BELO HORIZONTE, MG, BRASIL"
"Bar Bendita Baderna","https://s2-g1.glbimg.com/LWkTxL4hx7hIUz9kK5kTEixd9bk=/0x0:3500x2333/984x0/smart/filters:strip_icc()/i.s3.glbimg.com/v1/AUTH_59edd422c0c84a879bd37670ae4f538a/internal_photos/bs/2025/j/y/IPRENIRluzThbCg8XhSw/benditabaderna-parabenscdb-bh-2025-rodneycosta-unibh-8203.jpg","PARABÉNS CDB","Coxinhas recheadas para todos os gostos, massa de abóbora com recheio de frango com quiabo, massa de mandioca com recheio de carne de lata (suína) e massa de beterraba com recheio de alho poró com queijo canastra.","RUA SILVA FORTES, 47, UNIAO, BELO HORIZONTE, MG, BRASIL"
"Camisola Bar","https://cdb-static-files.s3.amazonaws.com/wp-content/uploads/2025/03/19151142/camisola_costelamineira_bh_2025_rodneycosta_unibh-7449-scaled.jpg","Costela Mineira","Costela de boi cozida na cerveja preta acompanhada com um purê de mandioca com queijo.","RUA LUTHER KING, 242, CIDADE NOVA, BELO HORIZONTE, MG, BRASIL"
"Dona Ju Gastro Bar","https://cdb-static-files.s3.amazonaws.com/wp-content/uploads/2025/03/19152529/donajugastro_ju-elho_bh_2025_rodneycosta_unibh-7719-scaled.jpg","Jú-elhoo","Joelho de porco marinado em especiarias, cozido na cerveja e acompanhado de angu de milho-verde e couve passada no azeite. E ambrósia de sobremesa para comemorar os 25 anos do CDB.","RUA DOS BORGES, 1520, JARDIM VITORIA, BELO HORIZONTE, MG, BRASIL"
"Resenha da Naty","https://cdb-static-files.s3.amazonaws.com/wp-content/uploads/2025/03/15044659/resenhadanaty_trembaumdemasso_bh_2025_isaquerodrigues_unibh-8123-scaled.jpg","TREM BÃO DEMAIS SÔ","Bolinho de linguiça suína, recheado de muçarela e um toque de limão para finalizar.","RUA GONCALVES LEDO, 288, CACHOEIRINHA, BELO HORIZONTE, MG, BRASIL"
"Spetim","https://s2-g1.glbimg.com/dUJnYHglyuslA4COf5nuV8Y53Jw=/0x0:3500x2333/984x0/smart/filters:strip_icc()/i.s3.glbimg.com/v1/AUTH_59edd422c0c84a879bd37670ae4f538a/internal_photos/bs/2025/J/Y/sl5H52QVS4x4svTpTXPQ/spetim-tanabocadopovo-bh-2025-rodneycosta-unibh-7565.jpg","Tá na boca do povo","Língua de boi, fatiada bem fininha, num encorpado molho de tomate e manjericão, acompanhada por um mineirissimo angu de moinho dágua e mostarda passadinha na panela.","RUA ILACIR PEREIRA LIMA, 518, SILVEIRA, BELO HORIZONTE, MG, BRASIL"
"Andrade's Beer","https://s2-g1.glbimg.com/9tZo4O55GproBN850s0kmjObuPE=/0x0:3500x2333/984x0/smart/filters:strip_icc()/i.s3.glbimg.com/v1/AUTH_59edd422c0c84a879bd37670ae4f538a/internal_photos/bs/2025/u/L/mhMzAoRguomqPhPKrISw/andradesbeer-choracanelinha-bh-2025-rodneycosta-unibh-9247.jpg","Chora canelinha","Ossobuco com purê de batatas acompanhado de torradas de Alho-poró","RUA DONA GENI, 32, VENDA NOVA, BELO HORIZONTE, MG, BRASIL"
"Avalanche Espeteria","https://s2-g1.glbimg.com/jCgQKB1Vb-9qJC86R2Lwxx12doU=/0x0:3500x2333/984x0/smart/filters:strip_icc()/i.s3.glbimg.com/v1/AUTH_59edd422c0c84a879bd37670ae4f538a/internal_photos/bs/2025/N/p/Qjcq5ySjmWTLL9asap8w/avalanche-milaomaluco-bh-2025-rodneycosta-unibh-8764.jpg","Milão Maluco","Ossobuco cozido ao molho tradicional, acompanhado com purê de batata e farofinha da casa.","RUA DOUTOR ALVARO CAMARGOS, 1113, SAO JOAO BATISTA, BELO HORIZONTE, MG, BRASIL"
"Bar da Cintia","https://cdb-static-files.s3.amazonaws.com/wp-content/uploads/2025/03/19142858/bardacinthia_linguabeba_bh_2025_rodneycosta_unibh-8675-scaled.jpg","Língua bêbada","Língua marinada na cerveja caracu, cheiro verde, mandioca cozida na manteiga de garrafa","RUA PASTOR RUI FRANCO, 257, SAO JOAO BATISTA, BELO HORIZONTE, MG, BRASIL"
"Bar da Fia","https://s2-g1.glbimg.com/g-QOQzoZsRfaUgjJ7Ve8PhbFRCE=/0x0:3500x2333/984x0/smart/filters:strip_icc()/i.s3.glbimg.com/v1/AUTH_59edd422c0c84a879bd37670ae4f538a/internal_photos/bs/2025/a/Z/FaNHULQFKaDFVBb4LRMg/bardafia-linguanorabo-bh-2025-rodneycosta-unibh-7352.jpg","Língua no rabo","Língua bovina com rabada servida com polenta, quiabo frito e agrião.","RUA DOS ASTECAS, 2722, SANTA MONICA, BELO HORIZONTE, MG, BRASIL"
"Bar da Lu","https://s2-g1.glbimg.com/ib_WKyxdoA2ZOa4U5NoXzJCFQI8=/0x0:3500x2333/984x0/smart/filters:strip_icc()/i.s3.glbimg.com/v1/AUTH_59edd422c0c84a879bd37670ae4f538a/internal_photos/bs/2025/Y/u/DFYMQORBa9JkrxiotSGg/bardalu-barrilmineiroso-bh-2025-rodneycosta-unibh-8734.jpg","Barril Mineiro Sô","Ossobuco marinado com ervas finas e vinho tinto acompanhado de polenta coberta com queijo parmesão e muçarela gratinado, crisp de mostarda e torresminho pururuca.","RUA GERALDA MARINHO, 41, SÃO JOÃO BATISTA, BELO HORIZONTE, MG, BRASIL"
"Dona Suica","https://cdb-static-files.s3.amazonaws.com/wp-content/uploads/2025/03/15045850/donasuica_pratodacasa_bh_2025_mylenaizis_unibh-9180-scaled.jpg","Prata da Casa","Sobrecoxa desossada e assada, polenta de milho verde com Bacon e queijo e farofinha com quiabo grelhado.","RUA JOAO SAMAHA, 390, SAO JOAO BATISTA, BELO HORIZONTE, MG, BRASIL"
"Nosso Spetim","https://cdb-static-files.s3.amazonaws.com/wp-content/uploads/2025/03/15045142/nonospetim_linguadedoisamores_bh_2025_isaquerodrigues_unibh-9340-scaled.jpg","Língua de Dois Amores","língua ao molho madeira, com fatia de pães e um espetinho de medalhão de batata recheada com queijo minas acompanhado de geleia biquinho.","RUA DOS ASTECAS, 3219, SANTA MONICA, BELO HORIZONTE, MG, BRASIL"
"O Fino do Alho","https://comidadibuteco.com.br/wp-content/uploads/2025/03/ofinodoalho_sodeminas_bh_2025_isaquerodrigues_unibh-9054-scaled.jpg","SôdaTerra","Carne de panela, temperada com especiarias, acompanhada de mandioca cozida no suco de beterraba e açafrão finalizada com crispy de bacon e banana da terra .","RUA CAPITAO SERGIO PIRES, 133, MINASCAIXA, BELO HORIZONTE, MG, BRASIL"
"Recanto Vovó Tela","https://s2-g1.glbimg.com/6DfLlBDCXib0XlWwVAFnI_J7_vY=/0x0:2048x1365/1000x0/smart/filters:strip_icc()/i.s3.glbimg.com/v1/AUTH_59edd422c0c84a879bd37670ae4f538a/internal_photos/bs/2025/B/8/MjBx9bSVaBE9AIALl3AQ/recantovovotela-de2510tmj-bh-2025-rodneycosta-unibh-9209-2048x1365.jpg","DE 25 10 TMJ","Picanha Suína assada, marinada em limão pepper e páprica picante, acompanhada de mini cebola empanada, farofa de ervilha e chutney de abacaxi com pimenta dedo de moça.","RUA TENENTE MARINO FREIRE, 270, MARIA HELENA, BELO HORIZONTE, MG, BRASIL"
"Tropeiro do Lisboa","https://s2-g1.glbimg.com/6wp_iOZeeYrBtifB79cXiBiWqkM=/0x0:3500x2333/984x0/smart/filters:strip_icc()/i.s3.glbimg.com/v1/AUTH_59edd422c0c84a879bd37670ae4f538a/internal_photos/bs/2025/j/V/A1kiIzRw6ATFfJR8pgOw/tropeirolisboa-caldeiraodomiion-bh-2025-rodneycosta-unibh-7990.jpg","Caldeirão do Mignon","Filé mignon selado, acompanhado de batatas rústicas ao molho da casa.","AVENIDA LEONTINO FRANCISCO ALVES, 506, SERRA VERDE, BELO HORIZONTE, MG, BRASIL"
"Bar do Bem","https://s2-g1.glbimg.com/8G4DuOUOOtTcfO7FhnGirnrduis=/0x0:3500x2333/984x0/smart/filters:strip_icc()/i.s3.glbimg.com/v1/AUTH_59edd422c0c84a879bd37670ae4f538a/internal_photos/bs/2025/u/1/VIv5qZTPeOe39fScSPOw/bardobem-furiosa-bh-2025-rodneycosta-unibh-9134.jpg","A Furiosa","Miolo de acém cozido na cerveja e tempero da casa servido com torradas feitas na manteiga e ervas, pão de queijo assado e pastel de vento.","RUA VICENTINA COUTINHO CAMARGOS, 100, ALVARO CAMARGOS, BELO HORIZONTE, MG, BRASIL"
"Benjamin Bar","https://s2-g1.glbimg.com/-HOIprvErwM6J3rLwKbng-Z-Hx0=/0x0:3500x2333/984x0/smart/filters:strip_icc()/i.s3.glbimg.com/v1/AUTH_59edd422c0c84a879bd37670ae4f538a/internal_photos/bs/2025/h/V/F03evhQxCJGCopcjvhLA/benjamin-boizimnomilharal-bh-2025-isaquerodrigues-unibh-7748.jpg","Boizinho no milharal","Costela bovina regada no molho roti, acompanhada de quirera de milho com queijo canastra meia cura e milho-verde cozido.","AVENIDA CORONEL JOSE BENJAMIM, 770, PADRE EUSTAQUIO, BELO HORIZONTE, MG, BRASIL"
"Boteco 86","https://s2-g1.glbimg.com/o9wmjsO_tv3OZXfUEI_5d0jBFnI=/0x0:3500x2333/984x0/smart/filters:strip_icc()/i.s3.glbimg.com/v1/AUTH_59edd422c0c84a879bd37670ae4f538a/internal_photos/bs/2025/j/u/qr2cyoRxWzxFBQSd0mzQ/boteco86-bolinhonordestino-bh-2025-isaquerodrigues-unibh-7714.jpg","Bolinho Nordestino","Bolinho de aipim com carne seca e requeijão","RUA JACARINA, 86, PADRE EUSTAQUIO, BELO HORIZONTE, MG, BRASIL"
"Cantina Arte Quintal","https://cdb-static-files.s3.amazonaws.com/wp-content/uploads/2025/03/19151606/cantinaartequinta_fraudinhaacachacaecerveja_bh_2025_isaquerodrigues_unibh-7690-scaled.jpg","Fraldinha Assada na Cachaça e Cerveja","Fraldinha assada flambada na cachaça e cerveja com calda de maracujá, farofa de alho-poró e banana frita curtida ao bacon","RUA REALENGO, 150, ALTO CAICARAS, BELO HORIZONTE, MG, BRASIL"
"Espetinhos do Paulão","https://cdb-static-files.s3.amazonaws.com/wp-content/uploads/2025/03/19152839/espetinhodopaulao_vacafaladeira_bh_2025_rodneycosta_unibh-8425-scaled.jpg","Vaca Faladeira","Língua de boi recheada com bacon e cenoura ao molho madeira. Acompanha dois mini pães italianos recheados com vinagrete de tomate, cebola temperado com chimichuri de limão e azeite com muçarela gratinada e manjericão desidratado.","RUA ALVARO MATA, 466, NOVA CACHOEIRINHA, BELO HORIZONTE, MG, BRASIL"
"Mulão","https://cdb-static-files.s3.amazonaws.com/wp-content/uploads/2025/03/15045206/mulao_mulle_bh_2025_fernandaoliveira_unibh-7464-scaled.jpg","Mullé","Chã de fora recheada com calabresa no molho de cebola caramelizada no açúcar queimado acompanha purê de batatas, pimenta biquinho, cebolinha.","RUA MARAMBAIA, 291, CAICARAS, BELO HORIZONTE, MG, BRASIL"
"Santuário Retrô","https://cdb-static-files.s3.amazonaws.com/wp-content/uploads/2025/03/15044516/santuarioretro_presentimretro_bh_2025_rodneycosta_unibh-8779-scaled.jpg","Presentim Retrô","Trouxinhas de lombo suculento, marinado por 12 horas no tempero da casa com especiarias, envolto em fatias de bacon e recheado com surpresas inspiradas nos ingredientes das edições históricas do Comida di Buteco.","RUA CAPELA NOVA, 150, MINAS BRASIL, BELO HORIZONTE, MG, BRASIL"
"Tanganica Art Bar","https://cdb-static-files.s3.amazonaws.com/wp-content/uploads/2025/03/15044450/tanganica_veganocolorido_bh_2025_isaquerodrigues_unibh-7903-scaled.jpg","Vegano colorido","Kibes de beterraba recheados com requeijão vegano, fuxicos de inhame com alho poró, pasteizinhos com recheio de chimeji preto e croquetinhos de abóbora vermelha recheados com ora-pro -móveis.","RUA PADRE DEMERVAL GOMES, 380, CORACAO EUCARISTICO, BELO HORIZONTE, MG, BRASIL"
"The Butcher","https://cdb-static-files.s3.amazonaws.com/wp-content/uploads/2025/03/19171820/thebutcher_paneladeprata_bh_2025_rodneycosta_unibh-8006-scaled.jpg","Panela de Prata - 25 anos","Versão do goulash, prato típico húngaro, mas com toque mineiro. Carne ensopada com fatias de pão.","AVENIDA RESSACA, 353, CORACAO EUCARISTICO, BELO HORIZONTE, MG, BRASIL"
"Toninho - Alto Forno","https://s2-g1.glbimg.com/sxmT8ncM81_0GTTD68F8dGl4HUE=/0x0:3500x2333/984x0/smart/filters:strip_icc()/i.s3.glbimg.com/v1/AUTH_59edd422c0c84a879bd37670ae4f538a/internal_photos/bs/2025/O/q/KYZNm9QiShpzV5yLX0Jw/toninhoaltoforno-joelhodalili-bh-2025-rodneycosta-unibh-8417.jpg","Joelho da Lili","Joelho de porco ao molho da Lili, acompanhado de polenta com queijo frita e farofa de Neston.","RUA MIRACEMA, 100, SANTO ANDRE, BELO HORIZONTE, MG, BRASIL"
"Xico da Kafua","https://cdb-static-files.s3.amazonaws.com/wp-content/uploads/2025/03/15044033/xicodacafua_penaareia_bh_2025_rodneycosta_unibh-8478-scaled.jpg","Pé na areia","Mão Suína, acompanhada de farofa crocante de soja tostada com farinha de biju e torradas com azeite.","RODOVIA ANEL RODOVIARIO CELSO MELLO AZEVEDO, 1195, JOAO PINHEIRO, BELO HORIZONTE, MG, BRASIL"
